[
    {
        "id": 1,
        "title": "The Fullstack Hoodie",
        "description": "Lightweight, breathable hoodie with the Fullstack Crest. Guaranteed to keep you looking fresh while warm.",
        "price": 19.99
    },
    {
        "id": 2,
        "title": "The Fullstack Tee",
        "description": "The original Fullstack clothing item. Always prepared to keep your style in check.",
        "price": 15.99
    },
    {
        "id": 3,
        "title": "The Fullstack Fitted Cap",
        "description": "Stay comfortable and cool with the first Fullstack Fitted Cap, featuring a normal bill and medium crown.",
        "price": 15.99
    },
    {
        "id": 4,
        "title": "The Fullstack Jacket",
        "description": "Keep warm and protected with the rugged, durable Fullstack lightweight jacket.",
        "price": 49.99
    }
]
